{
   "swagger":"2.0",
   "info":{
      "version":"v1",
      "title":"DragonetWorksheetAPI"
   },
   "host":"localhost:2403",
   "schemes":[
      "http"
   ],
   "paths":{
      "/api/v1/book":{
         "get":{
            "tags":[
               "book"
            ],
            "operationId":"book_getBooks",
            "consumes":[

            ],
            "produces":[
               "application/json",
               "text/json"
            ],
            "parameters":[
               {
                  "name":"bu",
                  "in":"query",
                  "required":true,
                  "type":"string"
               }
            ],
            "responses":{
               "200":{
                  "description":"OK",
                  "schema":{
                     "type":"object"
                  }
               }
            }
         }
      },
      "/api/v1/bookDetail/ageingAndFeeds":{
         "post":{
            "tags":[
               "bookDetail"
            ],
            "operationId":"bookDetail_getAgeingAndFeeds",
            "consumes":[
               "application/json",
               "text/json",
               "application/x-www-form-urlencoded"
            ],
            "produces":[
               "application/json",
               "text/json"
            ],
            "parameters":[
               {
                  "name":"bookDetail",
                  "in":"body",
                  "required":true,
                  "schema":{
                     "$ref":"#/definitions/BookDetail"
                  }
               }
            ],
            "responses":{
               "200":{
                  "description":"OK",
                  "schema":{
                     "type":"object",
                     "additionalProperties":{
                        "type":"object"
                     }
                  }
               }
            }
         }
      },
      "/api/v1/bookDetail":{
         "get":{
            "tags":[
               "bookDetail"
            ],
            "operationId":"bookDetail_getBookDetail",
            "consumes":[

            ],
            "produces":[
               "application/json",
               "text/json"
            ],
            "parameters":[
               {
                  "name":"uid",
                  "in":"query",
                  "required":true,
                  "type":"string"
               },
               {
                  "name":"pageSize",
                  "in":"query",
                  "required":true,
                  "type":"integer",
                  "format":"int32"
               },
               {
                  "name":"offset",
                  "in":"query",
                  "required":true,
                  "type":"integer",
                  "format":"int32"
               }
            ],
            "responses":{
               "200":{
                  "description":"OK",
                  "schema":{
                     "type":"array",
                     "items":{
                        "type":"object"
                     }
                  }
               }
            }
         },
         "put":{
            "tags":[
               "bookDetail"
            ],
            "operationId":"bookDetail_updateBookDetail",
            "consumes":[
               "application/json",
               "text/json",
               "application/x-www-form-urlencoded"
            ],
            "produces":[
               "application/json",
               "text/json"
            ],
            "parameters":[
               {
                  "name":"recPosnRequest",
                  "in":"body",
                  "required":true,
                  "schema":{
                     "$ref":"#/definitions/RecPosnRequest"
                  }
               }
            ],
            "responses":{
               "200":{
                  "description":"OK",
                  "schema":{
                     "type":"object"
                  }
               }
            }
         }
      },
      "/api/v1/bookSummary":{
         "get":{
            "tags":[
               "bookSummary"
            ],
            "operationId":"bookSummary_getBookSummary",
            "consumes":[

            ],
            "produces":[
               "application/json",
               "text/json"
            ],
            "parameters":[
               {
                  "name":"uid",
                  "in":"query",
                  "required":true,
                  "type":"string"
               },
               {
                  "name":"pageSize",
                  "in":"query",
                  "required":true,
                  "type":"integer",
                  "format":"int32"
               },
               {
                  "name":"offSet",
                  "in":"query",
                  "required":true,
                  "type":"integer",
                  "format":"int32"
               }
            ],
            "responses":{
               "200":{
                  "description":"OK",
                  "schema":{
                     "type":"array",
                     "items":{
                        "type":"object"
                     }
                  }
               }
            }
         }
      },
      "/api/v1/breakReason":{
         "get":{
            "tags":[
               "breakReason"
            ],
            "operationId":"breakReason_getBreakReasons",
            "consumes":[

            ],
            "produces":[
               "application/json",
               "text/json"
            ],
            "responses":{
               "200":{
                  "description":"OK",
                  "schema":{
                     "type":"array",
                     "items":{
                        "$ref":"#/definitions/BreakReason"
                     }
                  }
               }
            }
         },
         "put":{
            "tags":[
               "breakReason"
            ],
            "operationId":"breakReason_updateBreakReason",
            "consumes":[
               "application/json",
               "text/json",
               "application/x-www-form-urlencoded"
            ],
            "produces":[
               "application/json",
               "text/json"
            ],
            "parameters":[
               {
                  "name":"breakReason",
                  "in":"body",
                  "required":true,
                  "schema":{
                     "$ref":"#/definitions/BreakReason"
                  }
               }
            ],
            "responses":{
               "200":{
                  "description":"OK",
                  "schema":{
                     "type":"object"
                  }
               }
            }
         },
         "post":{
            "tags":[
               "breakReason"
            ],
            "operationId":"breakReason_createBreakReason",
            "consumes":[
               "application/json",
               "text/json",
               "application/x-www-form-urlencoded"
            ],
            "produces":[
               "application/json",
               "text/json"
            ],
            "parameters":[
               {
                  "name":"breakReason",
                  "in":"body",
                  "required":true,
                  "schema":{
                     "$ref":"#/definitions/BreakReason"
                  }
               }
            ],
            "responses":{
               "200":{
                  "description":"OK",
                  "schema":{
                     "type":"object"
                  }
               }
            }
         },
         "delete":{
            "tags":[
               "breakReason"
            ],
            "operationId":"breakReason_deleteBreakReason",
            "consumes":[

            ],
            "produces":[
               "application/json",
               "text/json"
            ],
            "parameters":[
               {
                  "name":"reasonCode",
                  "in":"query",
                  "required":true,
                  "type":"string"
               }
            ],
            "responses":{
               "200":{
                  "description":"OK",
                  "schema":{
                     "type":"object"
                  }
               }
            }
         }
      },
      "/api/v1/bucCriteriaLine":{
         "post":{
            "tags":[
               "bucCriteriaLine"
            ],
            "operationId":"bucCriteriaLine_createBucCriteriaLines",
            "consumes":[
               "application/json",
               "text/json",
               "application/x-www-form-urlencoded"
            ],
            "produces":[
               "application/json",
               "text/json"
            ],
            "parameters":[
               {
                  "name":"bUCCriteriaLineRequest",
                  "in":"body",
                  "required":true,
                  "schema":{
                     "$ref":"#/definitions/BUCCriteriaLineRequest"
                  }
               }
            ],
            "responses":{
               "200":{
                  "description":"OK",
                  "schema":{
                     "type":"object"
                  }
               }
            }
         }
      },
      "/api/v1/businessUnit":{
         "get":{
            "tags":[
               "businessUnit"
            ],
            "operationId":"businessUnit_getBusinessUnits",
            "consumes":[

            ],
            "produces":[
               "application/json",
               "text/json"
            ],
            "parameters":[
               {
                  "name":"buTypeCd",
                  "in":"query",
                  "required":true,
                  "type":"string"
               }
            ],
            "responses":{
               "200":{
                  "description":"OK",
                  "schema":{
                     "type":"array",
                     "items":{
                        "$ref":"#/definitions/BusinessUnit"
                     }
                  }
               }
            }
         }
      },
      "/api/v1/productType":{
         "get":{
            "tags":[
               "productType"
            ],
            "operationId":"productType_getProductTypes",
            "consumes":[

            ],
            "produces":[
               "application/json",
               "text/json"
            ],
            "responses":{
               "200":{
                  "description":"OK",
                  "schema":{
                     "type":"array",
                     "items":{
                        "$ref":"#/definitions/ProductType"
                     }
                  }
               }
            }
         }
      },
      "/api/v1/systemSource":{
         "get":{
            "tags":[
               "systemSource"
            ],
            "operationId":"systemSource_getSystemSources",
            "consumes":[

            ],
            "produces":[
               "application/json",
               "text/json"
            ],
            "responses":{
               "200":{
                  "description":"OK",
                  "schema":{
                     "type":"array",
                     "items":{
                        "$ref":"#/definitions/SystemSource"
                     }
                  }
               }
            }
         }
      }
   },
   "definitions":{
      "BookDetail":{
         "type":"object",
         "properties":{
            "centre":{
               "type":"string"
            },
            "hugo_code":{
               "type":"string"
            },
            "description":{
               "type":"string"
            },
            "ccy":{
               "type":"string"
            },
            "posn_diff":{
               "format":"int32",
               "type":"integer"
            },
            "price_diff":{
               "format":"int32",
               "type":"integer"
            },
            "pandl_diff":{
               "format":"int32",
               "type":"integer"
            },
            "pv_diff":{
               "format":"int32",
               "type":"integer"
            },
            "posn_age_break":{
               "format":"int32",
               "type":"integer"
            },
            "narrative":{
               "type":"string"
            },
            "last_upd_username":{
               "type":"string"
            },
            "last_upd_date":{
               "type":"string"
            },
            "rec_source":{
               "type":"string"
            },
            "dt_loaded":{
               "type":"string"
            },
            "bo_source":{
               "type":"string"
            },
            "fo_source":{
               "type":"string"
            },
            "trading_book":{
               "type":"string"
            },
            "aries_book":{
               "type":"string"
            },
            "book_desc":{
               "type":"string"
            },
            "prod_code":{
               "type":"string"
            },
            "isin":{
               "type":"string"
            },
            "multi":{
               "format":"double",
               "type":"number"
            },
            "fctr":{
               "format":"double",
               "type":"number"
            },
            "bo_posn":{
               "format":"double",
               "type":"number"
            },
            "bo_price":{
               "format":"double",
               "type":"number"
            },
            "bo_value":{
               "format":"double",
               "type":"number"
            },
            "bo_pandl":{
               "format":"double",
               "type":"number"
            },
            "fo_posn":{
               "format":"double",
               "type":"number"
            },
            "fo_price":{
               "format":"double",
               "type":"number"
            },
            "fo_value":{
               "format":"double",
               "type":"number"
            },
            "fo_pandl":{
               "format":"double",
               "type":"number"
            },
            "prod_type":{
               "type":"string"
            },
            "prod_type_desc":{
               "type":"string"
            },
            "ticker":{
               "format":"double",
               "type":"number"
            },
            "pool_factor":{
               "format":"double",
               "type":"number"
            },
            "price_age_break":{
               "format":"int32",
               "type":"integer"
            },
            "pandl_age_break":{
               "format":"int32",
               "type":"integer"
            },
            "gmi_trade_price_multi":{
               "format":"double",
               "type":"number"
            },
            "gmi_strike_price_multi":{
               "format":"double",
               "type":"number"
            },
            "bo_dividend_pandl":{
               "format":"double",
               "type":"number"
            },
            "ticker_code":{
               "type":"string"
            },
            "product_category":{
               "type":"string"
            }
         }
      },
      "RecPosnRequest":{
         "type":"object",
         "properties":{
            "description":{
               "type":"string"
            },
            "last_upd_by":{
               "type":"string"
            },
            "last_update_dt":{
               "format":"date-time",
               "type":"string"
            },
            "dt_loaded":{
               "type":"string"
            },
            "rec_source":{
               "type":"string"
            },
            "centre":{
               "type":"string"
            },
            "hugo_code":{
               "type":"string"
            }
         }
      },
      "BreakReason":{
         "type":"object",
         "properties":{
            "reason_code":{
               "type":"string"
            },
            "description":{
               "type":"string"
            },
            "last_upd_by":{
               "type":"string"
            },
            "last_upd_dt":{
               "format":"date-time",
               "type":"string"
            }
         }
      },
      "BUCCriteriaLineRequest":{
         "type":"object",
         "properties":{
            "user_id":{
               "type":"string"
            },
            "created_at":{
               "type":"string"
            },
            "prod_type_ie":{
               "type":"string"
            },
            "breaks":{
               "type":"boolean"
            },
            "pv_tol":{
               "format":"double",
               "type":"number"
            },
            "pl_tol":{
               "format":"double",
               "type":"number"
            },
            "posn_date":{
               "type":"string"
            },
            "bo_source":{
               "type":"string"
            },
            "fo_source":{
               "type":"string"
            },
            "bu_name":{
               "type":"string"
            }
         }
      },
      "BusinessUnit":{
         "type":"object",
         "properties":{
            "bu_type_cd":{
               "type":"string"
            },
            "bu_name":{
               "type":"string"
            },
            "description":{
               "type":"string"
            },
            "user_id":{
               "type":"string"
            }
         }
      },
      "ProductType":{
         "type":"object",
         "properties":{
            "group":{
               "type":"string"
            },
            "group_desc":{
               "type":"string"
            },
            "prod_type":{
               "format":"int32",
               "type":"integer"
            },
            "prod_type_desc":{
               "type":"string"
            }
         }
      },
      "SystemSource":{
         "type":"object",
         "properties":{
            "rec_source":{
               "type":"string"
            },
            "front":{
               "type":"string"
            },
            "back":{
               "type":"string"
            }
         }
      }
   }
}